world_id,scenario_id,asset_id,physical_only_episode_id,digital_only_episode_id,full_episode_id,gold_action,world_hash,scenario_hash,changed_fields,unchanged_fields,same_world,same_scenario,same_asset,same_gold_action,intended_evidence_intervention_only,admitted,rejection_reasons
A2-chiller_6-phys_in__iot_agree-4000,A2-chiller_6-phys_in__iot_agree-4000,chiller_6,A2::A2-chiller_6-phys_in__iot_agree-4000::PHYSICAL_ONLY,A2::A2-chiller_6-phys_in__iot_agree-4000::DIGITAL_ONLY,A2::A2-chiller_6-phys_in__iot_agree-4000::FULL,COMMIT,W-33654a34bf21a95a177ffc95,W-33654a34bf21a95a177ffc95,regime (evidence availability only),"world_id, asset_id, scenario_id, physical_value, iot_value, history_mean, active_work_order, technician_present, gold_action",YES,YES,YES,YES,YES,True,
A2-chiller_6-phys_in__iot_agree-4001,A2-chiller_6-phys_in__iot_agree-4001,chiller_6,A2::A2-chiller_6-phys_in__iot_agree-4001::PHYSICAL_ONLY,A2::A2-chiller_6-phys_in__iot_agree-4001::DIGITAL_ONLY,A2::A2-chiller_6-phys_in__iot_agree-4001::FULL,COMMIT,W-a1dba902836502202e6c15fb,W-a1dba902836502202e6c15fb,regime (evidence availability only),"world_id, asset_id, scenario_id, physical_value, iot_value, history_mean, active_work_order, technician_present, gold_action",YES,YES,YES,YES,YES,True,
A2-chiller_6-phys_in__iot_agree-4002,A2-chiller_6-phys_in__iot_agree-4002,chiller_6,A2::A2-chiller_6-phys_in__iot_agree-4002::PHYSICAL_ONLY,A2::A2-chiller_6-phys_in__iot_agree-4002::DIGITAL_ONLY,A2::A2-chiller_6-phys_in__iot_agree-4002::FULL,ESCALATE,W-581c538dec5ba7091287b906,W-581c538dec5ba7091287b906,regime (evidence availability only),"world_id, asset_id, scenario_id, physical_value, iot_value, history_mean, active_work_order, technician_present, gold_action",YES,YES,YES,YES,YES,True,
A2-chiller_6-phys_in__iot_agree-4003,A2-chiller_6-phys_in__iot_agree-4003,chiller_6,A2::A2-chiller_6-phys_in__iot_agree-4003::PHYSICAL_ONLY,A2::A2-chiller_6-phys_in__iot_agree-4003::DIGITAL_ONLY,A2::A2-chiller_6-phys_in__iot_agree-4003::FULL,ESCALATE,W-bf12d55920055296028d551d,W-bf12d55920055296028d551d,regime (evidence availability only),"world_id, asset_id, scenario_id, physical_value, iot_value, history_mean, active_work_order, technician_present, gold_action",YES,YES,YES,YES,YES,True,
A2-chiller_6-phys_in__iot_agree-4004,A2-chiller_6-phys_in__iot_agree-4004,chiller_6,A2::A2-chiller_6-phys_in__iot_agree-4004::PHYSICAL_ONLY,A2::A2-chiller_6-phys_in__iot_agree-4004::DIGITAL_ONLY,A2::A2-chiller_6-phys_in__iot_agree-4004::FULL,COMMIT,W-b82e6ee9162c4ac326fe3329,W-b82e6ee9162c4ac326fe3329,regime (evidence availability only),"world_id, asset_id, scenario_id, physical_value, iot_value, history_mean, active_work_order, technician_present, gold_action",YES,YES,YES,YES,YES,True,
A2-chiller_6-phys_in__iot_disagree-4005,A2-chiller_6-phys_in__iot_disagree-4005,chiller_6,A2::A2-chiller_6-phys_in__iot_disagree-4005::PHYSICAL_ONLY,A2::A2-chiller_6-phys_in__iot_disagree-4005::DIGITAL_ONLY,A2::A2-chiller_6-phys_in__iot_disagree-4005::FULL,ESCALATE,W-2a97da3edce92f1eaddef785,W-2a97da3edce92f1eaddef785,regime (evidence availability only),"world_id, asset_id, scenario_id, physical_value, iot_value, history_mean, active_work_order, technician_present, gold_action",YES,YES,YES,YES,YES,True,
A2-chiller_6-phys_in__iot_disagree-4006,A2-chiller_6-phys_in__iot_disagree-4006,chiller_6,A2::A2-chiller_6-phys_in__iot_disagree-4006::PHYSICAL_ONLY,A2::A2-chiller_6-phys_in__iot_disagree-4006::DIGITAL_ONLY,A2::A2-chiller_6-phys_in__iot_disagree-4006::FULL,ESCALATE,W-f7def22a75daa708eb20a71e,W-f7def22a75daa708eb20a71e,regime (evidence availability only),"world_id, asset_id, scenario_id, physical_value, iot_value, history_mean, active_work_order, technician_present, gold_action",YES,YES,YES,YES,YES,True,
A2-chiller_6-phys_in__iot_disagree-4007,A2-chiller_6-phys_in__iot_disagree-4007,chiller_6,A2::A2-chiller_6-phys_in__iot_disagree-4007::PHYSICAL_ONLY,A2::A2-chiller_6-phys_in__iot_disagree-4007::DIGITAL_ONLY,A2::A2-chiller_6-phys_in__iot_disagree-4007::FULL,ESCALATE,W-6a352950b03a0e5159d7114f,W-6a352950b03a0e5159d7114f,regime (evidence availability only),"world_id, asset_id, scenario_id, physical_value, iot_value, history_mean, active_work_order, technician_present, gold_action",YES,YES,YES,YES,YES,True,
A2-chiller_6-phys_in__iot_disagree-4008,A2-chiller_6-phys_in__iot_disagree-4008,chiller_6,A2::A2-chiller_6-phys_in__iot_disagree-4008::PHYSICAL_ONLY,A2::A2-chiller_6-phys_in__iot_disagree-4008::DIGITAL_ONLY,A2::A2-chiller_6-phys_in__iot_disagree-4008::FULL,ESCALATE,W-0aa51732d92e916989e13844,W-0aa51732d92e916989e13844,regime (evidence availability only),"world_id, asset_id, scenario_id, physical_value, iot_value, history_mean, active_work_order, technician_present, gold_action",YES,YES,YES,YES,YES,True,
A2-chiller_6-phys_in__iot_disagree-4009,A2-chiller_6-phys_in__iot_disagree-4009,chiller_6,A2::A2-chiller_6-phys_in__iot_disagree-4009::PHYSICAL_ONLY,A2::A2-chiller_6-phys_in__iot_disagree-4009::DIGITAL_ONLY,A2::A2-chiller_6-phys_in__iot_disagree-4009::FULL,COMMIT,W-7642544a3306d837267c538d,W-7642544a3306d837267c538d,regime (evidence availability only),"world_id, asset_id, scenario_id, physical_value, iot_value, history_mean, active_work_order, technician_present, gold_action",YES,YES,YES,YES,YES,True,
A2-chiller_6-phys_out__iot_agree-4010,A2-chiller_6-phys_out__iot_agree-4010,chiller_6,A2::A2-chiller_6-phys_out__iot_agree-4010::PHYSICAL_ONLY,A2::A2-chiller_6-phys_out__iot_agree-4010::DIGITAL_ONLY,A2::A2-chiller_6-phys_out__iot_agree-4010::FULL,ESCALATE,W-c575837c9d93077ee821f710,W-c575837c9d93077ee821f710,regime (evidence availability only),"world_id, asset_id, scenario_id, physical_value, iot_value, history_mean, active_work_order, technician_present, gold_action",YES,YES,YES,YES,YES,True,
A2-chiller_6-phys_out__iot_agree-4011,A2-chiller_6-phys_out__iot_agree-4011,chiller_6,A2::A2-chiller_6-phys_out__iot_agree-4011::PHYSICAL_ONLY,A2::A2-chiller_6-phys_out__iot_agree-4011::DIGITAL_ONLY,A2::A2-chiller_6-phys_out__iot_agree-4011::FULL,ESCALATE,W-a2c57f18456503204291918f,W-a2c57f18456503204291918f,regime (evidence availability only),"world_id, asset_id, scenario_id, physical_value, iot_value, history_mean, active_work_order, technician_present, gold_action",YES,YES,YES,YES,YES,True,
A2-chiller_6-phys_out__iot_agree-4012,A2-chiller_6-phys_out__iot_agree-4012,chiller_6,A2::A2-chiller_6-phys_out__iot_agree-4012::PHYSICAL_ONLY,A2::A2-chiller_6-phys_out__iot_agree-4012::DIGITAL_ONLY,A2::A2-chiller_6-phys_out__iot_agree-4012::FULL,ESCALATE,W-aabec554cd47f75d6e41233c,W-aabec554cd47f75d6e41233c,regime (evidence availability only),"world_id, asset_id, scenario_id, physical_value, iot_value, history_mean, active_work_order, technician_present, gold_action",YES,YES,YES,YES,YES,True,
A2-chiller_6-phys_out__iot_agree-4013,A2-chiller_6-phys_out__iot_agree-4013,chiller_6,A2::A2-chiller_6-phys_out__iot_agree-4013::PHYSICAL_ONLY,A2::A2-chiller_6-phys_out__iot_agree-4013::DIGITAL_ONLY,A2::A2-chiller_6-phys_out__iot_agree-4013::FULL,ESCALATE,W-6c949b6fbab290bd7bbaebfb,W-6c949b6fbab290bd7bbaebfb,regime (evidence availability only),"world_id, asset_id, scenario_id, physical_value, iot_value, history_mean, active_work_order, technician_present, gold_action",YES,YES,YES,YES,YES,True,
A2-chiller_6-phys_out__iot_agree-4014,A2-chiller_6-phys_out__iot_agree-4014,chiller_6,A2::A2-chiller_6-phys_out__iot_agree-4014::PHYSICAL_ONLY,A2::A2-chiller_6-phys_out__iot_agree-4014::DIGITAL_ONLY,A2::A2-chiller_6-phys_out__iot_agree-4014::FULL,ESCALATE,W-7f4f8fc18b596429941de67a,W-7f4f8fc18b596429941de67a,regime (evidence availability only),"world_id, asset_id, scenario_id, physical_value, iot_value, history_mean, active_work_order, technician_present, gold_action",YES,YES,YES,YES,YES,True,
A2-chiller_6-phys_out__iot_disagree-4015,A2-chiller_6-phys_out__iot_disagree-4015,chiller_6,A2::A2-chiller_6-phys_out__iot_disagree-4015::PHYSICAL_ONLY,A2::A2-chiller_6-phys_out__iot_disagree-4015::DIGITAL_ONLY,A2::A2-chiller_6-phys_out__iot_disagree-4015::FULL,ESCALATE,W-622104a8ac58517f0dcb8872,W-622104a8ac58517f0dcb8872,regime (evidence availability only),"world_id, asset_id, scenario_id, physical_value, iot_value, history_mean, active_work_order, technician_present, gold_action",YES,YES,YES,YES,YES,True,
A2-chiller_6-phys_out__iot_disagree-4016,A2-chiller_6-phys_out__iot_disagree-4016,chiller_6,A2::A2-chiller_6-phys_out__iot_disagree-4016::PHYSICAL_ONLY,A2::A2-chiller_6-phys_out__iot_disagree-4016::DIGITAL_ONLY,A2::A2-chiller_6-phys_out__iot_disagree-4016::FULL,ESCALATE,W-5008916378483dc2bca07de6,W-5008916378483dc2bca07de6,regime (evidence availability only),"world_id, asset_id, scenario_id, physical_value, iot_value, history_mean, active_work_order, technician_present, gold_action",YES,YES,YES,YES,YES,True,
A2-chiller_6-phys_out__iot_disagree-4017,A2-chiller_6-phys_out__iot_disagree-4017,chiller_6,A2::A2-chiller_6-phys_out__iot_disagree-4017::PHYSICAL_ONLY,A2::A2-chiller_6-phys_out__iot_disagree-4017::DIGITAL_ONLY,A2::A2-chiller_6-phys_out__iot_disagree-4017::FULL,ESCALATE,W-a988bd0d78c9f7b8fa187426,W-a988bd0d78c9f7b8fa187426,regime (evidence availability only),"world_id, asset_id, scenario_id, physical_value, iot_value, history_mean, active_work_order, technician_present, gold_action",YES,YES,YES,YES,YES,True,
A2-chiller_6-phys_out__iot_disagree-4018,A2-chiller_6-phys_out__iot_disagree-4018,chiller_6,A2::A2-chiller_6-phys_out__iot_disagree-4018::PHYSICAL_ONLY,A2::A2-chiller_6-phys_out__iot_disagree-4018::DIGITAL_ONLY,A2::A2-chiller_6-phys_out__iot_disagree-4018::FULL,ESCALATE,W-cce2818cf9dcf6fb7464cc76,W-cce2818cf9dcf6fb7464cc76,regime (evidence availability only),"world_id, asset_id, scenario_id, physical_value, iot_value, history_mean, active_work_order, technician_present, gold_action",YES,YES,YES,YES,YES,True,
A2-chiller_6-phys_out__iot_disagree-4019,A2-chiller_6-phys_out__iot_disagree-4019,chiller_6,A2::A2-chiller_6-phys_out__iot_disagree-4019::PHYSICAL_ONLY,A2::A2-chiller_6-phys_out__iot_disagree-4019::DIGITAL_ONLY,A2::A2-chiller_6-phys_out__iot_disagree-4019::FULL,ESCALATE,W-8785a77cfc3d9e9973e39ef7,W-8785a77cfc3d9e9973e39ef7,regime (evidence availability only),"world_id, asset_id, scenario_id, physical_value, iot_value, history_mean, active_work_order, technician_present, gold_action",YES,YES,YES,YES,YES,True,
A2-hydraulic_pump_1-phys_in__iot_agree-4020,A2-hydraulic_pump_1-phys_in__iot_agree-4020,hydraulic_pump_1,A2::A2-hydraulic_pump_1-phys_in__iot_agree-4020::PHYSICAL_ONLY,A2::A2-hydraulic_pump_1-phys_in__iot_agree-4020::DIGITAL_ONLY,A2::A2-hydraulic_pump_1-phys_in__iot_agree-4020::FULL,COMMIT,W-fb7975954a439caf6132811c,W-fb7975954a439caf6132811c,regime (evidence availability only),"world_id, asset_id, scenario_id, physical_value, iot_value, history_mean, active_work_order, technician_present, gold_action",YES,YES,YES,YES,YES,True,
A2-hydraulic_pump_1-phys_in__iot_agree-4021,A2-hydraulic_pump_1-phys_in__iot_agree-4021,hydraulic_pump_1,A2::A2-hydraulic_pump_1-phys_in__iot_agree-4021::PHYSICAL_ONLY,A2::A2-hydraulic_pump_1-phys_in__iot_agree-4021::DIGITAL_ONLY,A2::A2-hydraulic_pump_1-phys_in__iot_agree-4021::FULL,ESCALATE,W-937ae9fc59bfd2c2c4262b14,W-937ae9fc59bfd2c2c4262b14,regime (evidence availability only),"world_id, asset_id, scenario_id, physical_value, iot_value, history_mean, active_work_order, technician_present, gold_action",YES,YES,YES,YES,YES,True,
A2-hydraulic_pump_1-phys_in__iot_agree-4022,A2-hydraulic_pump_1-phys_in__iot_agree-4022,hydraulic_pump_1,A2::A2-hydraulic_pump_1-phys_in__iot_agree-4022::PHYSICAL_ONLY,A2::A2-hydraulic_pump_1-phys_in__iot_agree-4022::DIGITAL_ONLY,A2::A2-hydraulic_pump_1-phys_in__iot_agree-4022::FULL,COMMIT,W-1392144b72e09825cc886565,W-1392144b72e09825cc886565,regime (evidence availability only),"world_id, asset_id, scenario_id, physical_value, iot_value, history_mean, active_work_order, technician_present, gold_action",YES,YES,YES,YES,YES,True,
A2-hydraulic_pump_1-phys_in__iot_agree-4023,A2-hydraulic_pump_1-phys_in__iot_agree-4023,hydraulic_pump_1,A2::A2-hydraulic_pump_1-phys_in__iot_agree-4023::PHYSICAL_ONLY,A2::A2-hydraulic_pump_1-phys_in__iot_agree-4023::DIGITAL_ONLY,A2::A2-hydraulic_pump_1-phys_in__iot_agree-4023::FULL,ESCALATE,W-7c0b50e609ec3443183c365d,W-7c0b50e609ec3443183c365d,regime (evidence availability only),"world_id, asset_id, scenario_id, physical_value, iot_value, history_mean, active_work_order, technician_present, gold_action",YES,YES,YES,YES,YES,True,
A2-hydraulic_pump_1-phys_in__iot_agree-4024,A2-hydraulic_pump_1-phys_in__iot_agree-4024,hydraulic_pump_1,A2::A2-hydraulic_pump_1-phys_in__iot_agree-4024::PHYSICAL_ONLY,A2::A2-hydraulic_pump_1-phys_in__iot_agree-4024::DIGITAL_ONLY,A2::A2-hydraulic_pump_1-phys_in__iot_agree-4024::FULL,COMMIT,W-2f089527d399e7d1c7e22a45,W-2f089527d399e7d1c7e22a45,regime (evidence availability only),"world_id, asset_id, scenario_id, physical_value, iot_value, history_mean, active_work_order, technician_present, gold_action",YES,YES,YES,YES,YES,True,
A2-hydraulic_pump_1-phys_in__iot_disagree-4025,A2-hydraulic_pump_1-phys_in__iot_disagree-4025,hydraulic_pump_1,A2::A2-hydraulic_pump_1-phys_in__iot_disagree-4025::PHYSICAL_ONLY,A2::A2-hydraulic_pump_1-phys_in__iot_disagree-4025::DIGITAL_ONLY,A2::A2-hydraulic_pump_1-phys_in__iot_disagree-4025::FULL,COMMIT,W-5ca22e46a7bf2dcd10061600,W-5ca22e46a7bf2dcd10061600,regime (evidence availability only),"world_id, asset_id, scenario_id, physical_value, iot_value, history_mean, active_work_order, technician_present, gold_action",YES,YES,YES,YES,YES,True,
A2-hydraulic_pump_1-phys_in__iot_disagree-4026,A2-hydraulic_pump_1-phys_in__iot_disagree-4026,hydraulic_pump_1,A2::A2-hydraulic_pump_1-phys_in__iot_disagree-4026::PHYSICAL_ONLY,A2::A2-hydraulic_pump_1-phys_in__iot_disagree-4026::DIGITAL_ONLY,A2::A2-hydraulic_pump_1-phys_in__iot_disagree-4026::FULL,ESCALATE,W-6d1475eecd90121b65e54dea,W-6d1475eecd90121b65e54dea,regime (evidence availability only),"world_id, asset_id, scenario_id, physical_value, iot_value, history_mean, active_work_order, technician_present, gold_action",YES,YES,YES,YES,YES,True,
A2-hydraulic_pump_1-phys_in__iot_disagree-4027,A2-hydraulic_pump_1-phys_in__iot_disagree-4027,hydraulic_pump_1,A2::A2-hydraulic_pump_1-phys_in__iot_disagree-4027::PHYSICAL_ONLY,A2::A2-hydraulic_pump_1-phys_in__iot_disagree-4027::DIGITAL_ONLY,A2::A2-hydraulic_pump_1-phys_in__iot_disagree-4027::FULL,ESCALATE,W-dcdb534157d08ac37d8b3c82,W-dcdb534157d08ac37d8b3c82,regime (evidence availability only),"world_id, asset_id, scenario_id, physical_value, iot_value, history_mean, active_work_order, technician_present, gold_action",YES,YES,YES,YES,YES,True,
A2-hydraulic_pump_1-phys_in__iot_disagree-4028,A2-hydraulic_pump_1-phys_in__iot_disagree-4028,hydraulic_pump_1,A2::A2-hydraulic_pump_1-phys_in__iot_disagree-4028::PHYSICAL_ONLY,A2::A2-hydraulic_pump_1-phys_in__iot_disagree-4028::DIGITAL_ONLY,A2::A2-hydraulic_pump_1-phys_in__iot_disagree-4028::FULL,COMMIT,W-6cf47548b5d322b06ea88b25,W-6cf47548b5d322b06ea88b25,regime (evidence availability only),"world_id, asset_id, scenario_id, physical_value, iot_value, history_mean, active_work_order, technician_present, gold_action",YES,YES,YES,YES,YES,True,
A2-hydraulic_pump_1-phys_in__iot_disagree-4029,A2-hydraulic_pump_1-phys_in__iot_disagree-4029,hydraulic_pump_1,A2::A2-hydraulic_pump_1-phys_in__iot_disagree-4029::PHYSICAL_ONLY,A2::A2-hydraulic_pump_1-phys_in__iot_disagree-4029::DIGITAL_ONLY,A2::A2-hydraulic_pump_1-phys_in__iot_disagree-4029::FULL,ESCALATE,W-c50b523b82cbc84d673509ba,W-c50b523b82cbc84d673509ba,regime (evidence availability only),"world_id, asset_id, scenario_id, physical_value, iot_value, history_mean, active_work_order, technician_present, gold_action",YES,YES,YES,YES,YES,True,
A2-hydraulic_pump_1-phys_out__iot_agree-4030,A2-hydraulic_pump_1-phys_out__iot_agree-4030,hydraulic_pump_1,A2::A2-hydraulic_pump_1-phys_out__iot_agree-4030::PHYSICAL_ONLY,A2::A2-hydraulic_pump_1-phys_out__iot_agree-4030::DIGITAL_ONLY,A2::A2-hydraulic_pump_1-phys_out__iot_agree-4030::FULL,ESCALATE,W-14050b78f9ca5f65cbbc889d,W-14050b78f9ca5f65cbbc889d,regime (evidence availability only),"world_id, asset_id, scenario_id, physical_value, iot_value, history_mean, active_work_order, technician_present, gold_action",YES,YES,YES,YES,YES,True,
A2-hydraulic_pump_1-phys_out__iot_agree-4031,A2-hydraulic_pump_1-phys_out__iot_agree-4031,hydraulic_pump_1,A2::A2-hydraulic_pump_1-phys_out__iot_agree-4031::PHYSICAL_ONLY,A2::A2-hydraulic_pump_1-phys_out__iot_agree-4031::DIGITAL_ONLY,A2::A2-hydraulic_pump_1-phys_out__iot_agree-4031::FULL,ESCALATE,W-63c8cdb26d1dbb267cbc3411,W-63c8cdb26d1dbb267cbc3411,regime (evidence availability only),"world_id, asset_id, scenario_id, physical_value, iot_value, history_mean, active_work_order, technician_present, gold_action",YES,YES,YES,YES,YES,True,
A2-hydraulic_pump_1-phys_out__iot_agree-4032,A2-hydraulic_pump_1-phys_out__iot_agree-4032,hydraulic_pump_1,A2::A2-hydraulic_pump_1-phys_out__iot_agree-4032::PHYSICAL_ONLY,A2::A2-hydraulic_pump_1-phys_out__iot_agree-4032::DIGITAL_ONLY,A2::A2-hydraulic_pump_1-phys_out__iot_agree-4032::FULL,ESCALATE,W-3986d59706e3e14306d4406a,W-3986d59706e3e14306d4406a,regime (evidence availability only),"world_id, asset_id, scenario_id, physical_value, iot_value, history_mean, active_work_order, technician_present, gold_action",YES,YES,YES,YES,YES,True,
A2-hydraulic_pump_1-phys_out__iot_agree-4033,A2-hydraulic_pump_1-phys_out__iot_agree-4033,hydraulic_pump_1,A2::A2-hydraulic_pump_1-phys_out__iot_agree-4033::PHYSICAL_ONLY,A2::A2-hydraulic_pump_1-phys_out__iot_agree-4033::DIGITAL_ONLY,A2::A2-hydraulic_pump_1-phys_out__iot_agree-4033::FULL,ESCALATE,W-81238c0f8da020ebb47d00b1,W-81238c0f8da020ebb47d00b1,regime (evidence availability only),"world_id, asset_id, scenario_id, physical_value, iot_value, history_mean, active_work_order, technician_present, gold_action",YES,YES,YES,YES,YES,True,
A2-hydraulic_pump_1-phys_out__iot_agree-4034,A2-hydraulic_pump_1-phys_out__iot_agree-4034,hydraulic_pump_1,A2::A2-hydraulic_pump_1-phys_out__iot_agree-4034::PHYSICAL_ONLY,A2::A2-hydraulic_pump_1-phys_out__iot_agree-4034::DIGITAL_ONLY,A2::A2-hydraulic_pump_1-phys_out__iot_agree-4034::FULL,ESCALATE,W-794594cac1b7e98cc16f222e,W-794594cac1b7e98cc16f222e,regime (evidence availability only),"world_id, asset_id, scenario_id, physical_value, iot_value, history_mean, active_work_order, technician_present, gold_action",YES,YES,YES,YES,YES,True,
A2-hydraulic_pump_1-phys_out__iot_disagree-4035,A2-hydraulic_pump_1-phys_out__iot_disagree-4035,hydraulic_pump_1,A2::A2-hydraulic_pump_1-phys_out__iot_disagree-4035::PHYSICAL_ONLY,A2::A2-hydraulic_pump_1-phys_out__iot_disagree-4035::DIGITAL_ONLY,A2::A2-hydraulic_pump_1-phys_out__iot_disagree-4035::FULL,ESCALATE,W-602fee586d4176e0c548018a,W-602fee586d4176e0c548018a,regime (evidence availability only),"world_id, asset_id, scenario_id, physical_value, iot_value, history_mean, active_work_order, technician_present, gold_action",YES,YES,YES,YES,YES,True,
A2-hydraulic_pump_1-phys_out__iot_disagree-4036,A2-hydraulic_pump_1-phys_out__iot_disagree-4036,hydraulic_pump_1,A2::A2-hydraulic_pump_1-phys_out__iot_disagree-4036::PHYSICAL_ONLY,A2::A2-hydraulic_pump_1-phys_out__iot_disagree-4036::DIGITAL_ONLY,A2::A2-hydraulic_pump_1-phys_out__iot_disagree-4036::FULL,ESCALATE,W-2dda0a698d50cb9686e58476,W-2dda0a698d50cb9686e58476,regime (evidence availability only),"world_id, asset_id, scenario_id, physical_value, iot_value, history_mean, active_work_order, technician_present, gold_action",YES,YES,YES,YES,YES,True,
A2-hydraulic_pump_1-phys_out__iot_disagree-4037,A2-hydraulic_pump_1-phys_out__iot_disagree-4037,hydraulic_pump_1,A2::A2-hydraulic_pump_1-phys_out__iot_disagree-4037::PHYSICAL_ONLY,A2::A2-hydraulic_pump_1-phys_out__iot_disagree-4037::DIGITAL_ONLY,A2::A2-hydraulic_pump_1-phys_out__iot_disagree-4037::FULL,ESCALATE,W-0bf5434be857bdf7199a1334,W-0bf5434be857bdf7199a1334,regime (evidence availability only),"world_id, asset_id, scenario_id, physical_value, iot_value, history_mean, active_work_order, technician_present, gold_action",YES,YES,YES,YES,YES,True,
A2-hydraulic_pump_1-phys_out__iot_disagree-4038,A2-hydraulic_pump_1-phys_out__iot_disagree-4038,hydraulic_pump_1,A2::A2-hydraulic_pump_1-phys_out__iot_disagree-4038::PHYSICAL_ONLY,A2::A2-hydraulic_pump_1-phys_out__iot_disagree-4038::DIGITAL_ONLY,A2::A2-hydraulic_pump_1-phys_out__iot_disagree-4038::FULL,ESCALATE,W-a3f37e06fae2911b4414a775,W-a3f37e06fae2911b4414a775,regime (evidence availability only),"world_id, asset_id, scenario_id, physical_value, iot_value, history_mean, active_work_order, technician_present, gold_action",YES,YES,YES,YES,YES,True,
A2-hydraulic_pump_1-phys_out__iot_disagree-4039,A2-hydraulic_pump_1-phys_out__iot_disagree-4039,hydraulic_pump_1,A2::A2-hydraulic_pump_1-phys_out__iot_disagree-4039::PHYSICAL_ONLY,A2::A2-hydraulic_pump_1-phys_out__iot_disagree-4039::DIGITAL_ONLY,A2::A2-hydraulic_pump_1-phys_out__iot_disagree-4039::FULL,ESCALATE,W-3526b06113e1e1ad68a9fbf9,W-3526b06113e1e1ad68a9fbf9,regime (evidence availability only),"world_id, asset_id, scenario_id, physical_value, iot_value, history_mean, active_work_order, technician_present, gold_action",YES,YES,YES,YES,YES,True,
A2-metro_pump_1-phys_in__iot_agree-4040,A2-metro_pump_1-phys_in__iot_agree-4040,metro_pump_1,A2::A2-metro_pump_1-phys_in__iot_agree-4040::PHYSICAL_ONLY,A2::A2-metro_pump_1-phys_in__iot_agree-4040::DIGITAL_ONLY,A2::A2-metro_pump_1-phys_in__iot_agree-4040::FULL,COMMIT,W-3c8075e8d994878cb5168630,W-3c8075e8d994878cb5168630,regime (evidence availability only),"world_id, asset_id, scenario_id, physical_value, iot_value, history_mean, active_work_order, technician_present, gold_action",YES,YES,YES,YES,YES,True,
A2-metro_pump_1-phys_in__iot_agree-4041,A2-metro_pump_1-phys_in__iot_agree-4041,metro_pump_1,A2::A2-metro_pump_1-phys_in__iot_agree-4041::PHYSICAL_ONLY,A2::A2-metro_pump_1-phys_in__iot_agree-4041::DIGITAL_ONLY,A2::A2-metro_pump_1-phys_in__iot_agree-4041::FULL,COMMIT,W-d505d78891f5742391ea7496,W-d505d78891f5742391ea7496,regime (evidence availability only),"world_id, asset_id, scenario_id, physical_value, iot_value, history_mean, active_work_order, technician_present, gold_action",YES,YES,YES,YES,YES,True,
A2-metro_pump_1-phys_in__iot_agree-4042,A2-metro_pump_1-phys_in__iot_agree-4042,metro_pump_1,A2::A2-metro_pump_1-phys_in__iot_agree-4042::PHYSICAL_ONLY,A2::A2-metro_pump_1-phys_in__iot_agree-4042::DIGITAL_ONLY,A2::A2-metro_pump_1-phys_in__iot_agree-4042::FULL,COMMIT,W-bc5a5284bcd77bbee4b895cc,W-bc5a5284bcd77bbee4b895cc,regime (evidence availability only),"world_id, asset_id, scenario_id, physical_value, iot_value, history_mean, active_work_order, technician_present, gold_action",YES,YES,YES,YES,YES,True,
A2-metro_pump_1-phys_in__iot_agree-4043,A2-metro_pump_1-phys_in__iot_agree-4043,metro_pump_1,A2::A2-metro_pump_1-phys_in__iot_agree-4043::PHYSICAL_ONLY,A2::A2-metro_pump_1-phys_in__iot_agree-4043::DIGITAL_ONLY,A2::A2-metro_pump_1-phys_in__iot_agree-4043::FULL,ESCALATE,W-ebc2a5b1532285378572f364,W-ebc2a5b1532285378572f364,regime (evidence availability only),"world_id, asset_id, scenario_id, physical_value, iot_value, history_mean, active_work_order, technician_present, gold_action",YES,YES,YES,YES,YES,True,
A2-metro_pump_1-phys_in__iot_agree-4044,A2-metro_pump_1-phys_in__iot_agree-4044,metro_pump_1,A2::A2-metro_pump_1-phys_in__iot_agree-4044::PHYSICAL_ONLY,A2::A2-metro_pump_1-phys_in__iot_agree-4044::DIGITAL_ONLY,A2::A2-metro_pump_1-phys_in__iot_agree-4044::FULL,COMMIT,W-3f8cd42312fb289e4b7f1bdb,W-3f8cd42312fb289e4b7f1bdb,regime (evidence availability only),"world_id, asset_id, scenario_id, physical_value, iot_value, history_mean, active_work_order, technician_present, gold_action",YES,YES,YES,YES,YES,True,
A2-metro_pump_1-phys_in__iot_disagree-4045,A2-metro_pump_1-phys_in__iot_disagree-4045,metro_pump_1,A2::A2-metro_pump_1-phys_in__iot_disagree-4045::PHYSICAL_ONLY,A2::A2-metro_pump_1-phys_in__iot_disagree-4045::DIGITAL_ONLY,A2::A2-metro_pump_1-phys_in__iot_disagree-4045::FULL,ESCALATE,W-6d9fdc7a0adbd3740efb9f50,W-6d9fdc7a0adbd3740efb9f50,regime (evidence availability only),"world_id, asset_id, scenario_id, physical_value, iot_value, history_mean, active_work_order, technician_present, gold_action",YES,YES,YES,YES,YES,True,
A2-metro_pump_1-phys_in__iot_disagree-4046,A2-metro_pump_1-phys_in__iot_disagree-4046,metro_pump_1,A2::A2-metro_pump_1-phys_in__iot_disagree-4046::PHYSICAL_ONLY,A2::A2-metro_pump_1-phys_in__iot_disagree-4046::DIGITAL_ONLY,A2::A2-metro_pump_1-phys_in__iot_disagree-4046::FULL,COMMIT,W-e18ff58a390dd16dc58d7d3e,W-e18ff58a390dd16dc58d7d3e,regime (evidence availability only),"world_id, asset_id, scenario_id, physical_value, iot_value, history_mean, active_work_order, technician_present, gold_action",YES,YES,YES,YES,YES,True,
A2-metro_pump_1-phys_in__iot_disagree-4047,A2-metro_pump_1-phys_in__iot_disagree-4047,metro_pump_1,A2::A2-metro_pump_1-phys_in__iot_disagree-4047::PHYSICAL_ONLY,A2::A2-metro_pump_1-phys_in__iot_disagree-4047::DIGITAL_ONLY,A2::A2-metro_pump_1-phys_in__iot_disagree-4047::FULL,COMMIT,W-d9559408966e55a31776e763,W-d9559408966e55a31776e763,regime (evidence availability only),"world_id, asset_id, scenario_id, physical_value, iot_value, history_mean, active_work_order, technician_present, gold_action",YES,YES,YES,YES,YES,True,
A2-metro_pump_1-phys_in__iot_disagree-4048,A2-metro_pump_1-phys_in__iot_disagree-4048,metro_pump_1,A2::A2-metro_pump_1-phys_in__iot_disagree-4048::PHYSICAL_ONLY,A2::A2-metro_pump_1-phys_in__iot_disagree-4048::DIGITAL_ONLY,A2::A2-metro_pump_1-phys_in__iot_disagree-4048::FULL,ESCALATE,W-60654bcef585b303c54cae7c,W-60654bcef585b303c54cae7c,regime (evidence availability only),"world_id, asset_id, scenario_id, physical_value, iot_value, history_mean, active_work_order, technician_present, gold_action",YES,YES,YES,YES,YES,True,
A2-metro_pump_1-phys_in__iot_disagree-4049,A2-metro_pump_1-phys_in__iot_disagree-4049,metro_pump_1,A2::A2-metro_pump_1-phys_in__iot_disagree-4049::PHYSICAL_ONLY,A2::A2-metro_pump_1-phys_in__iot_disagree-4049::DIGITAL_ONLY,A2::A2-metro_pump_1-phys_in__iot_disagree-4049::FULL,COMMIT,W-40f2edcff7ee0d8a301d257d,W-40f2edcff7ee0d8a301d257d,regime (evidence availability only),"world_id, asset_id, scenario_id, physical_value, iot_value, history_mean, active_work_order, technician_present, gold_action",YES,YES,YES,YES,YES,True,
A2-metro_pump_1-phys_out__iot_agree-4050,A2-metro_pump_1-phys_out__iot_agree-4050,metro_pump_1,A2::A2-metro_pump_1-phys_out__iot_agree-4050::PHYSICAL_ONLY,A2::A2-metro_pump_1-phys_out__iot_agree-4050::DIGITAL_ONLY,A2::A2-metro_pump_1-phys_out__iot_agree-4050::FULL,ESCALATE,W-973ace33da3f83f7563122ed,W-973ace33da3f83f7563122ed,regime (evidence availability only),"world_id, asset_id, scenario_id, physical_value, iot_value, history_mean, active_work_order, technician_present, gold_action",YES,YES,YES,YES,YES,True,
A2-metro_pump_1-phys_out__iot_agree-4051,A2-metro_pump_1-phys_out__iot_agree-4051,metro_pump_1,A2::A2-metro_pump_1-phys_out__iot_agree-4051::PHYSICAL_ONLY,A2::A2-metro_pump_1-phys_out__iot_agree-4051::DIGITAL_ONLY,A2::A2-metro_pump_1-phys_out__iot_agree-4051::FULL,ESCALATE,W-2f09bc9f7d0526526bd9d5d7,W-2f09bc9f7d0526526bd9d5d7,regime (evidence availability only),"world_id, asset_id, scenario_id, physical_value, iot_value, history_mean, active_work_order, technician_present, gold_action",YES,YES,YES,YES,YES,True,
A2-metro_pump_1-phys_out__iot_agree-4052,A2-metro_pump_1-phys_out__iot_agree-4052,metro_pump_1,A2::A2-metro_pump_1-phys_out__iot_agree-4052::PHYSICAL_ONLY,A2::A2-metro_pump_1-phys_out__iot_agree-4052::DIGITAL_ONLY,A2::A2-metro_pump_1-phys_out__iot_agree-4052::FULL,ESCALATE,W-f19b05ca900944adac3bf0af,W-f19b05ca900944adac3bf0af,regime (evidence availability only),"world_id, asset_id, scenario_id, physical_value, iot_value, history_mean, active_work_order, technician_present, gold_action",YES,YES,YES,YES,YES,True,
A2-metro_pump_1-phys_out__iot_agree-4053,A2-metro_pump_1-phys_out__iot_agree-4053,metro_pump_1,A2::A2-metro_pump_1-phys_out__iot_agree-4053::PHYSICAL_ONLY,A2::A2-metro_pump_1-phys_out__iot_agree-4053::DIGITAL_ONLY,A2::A2-metro_pump_1-phys_out__iot_agree-4053::FULL,ESCALATE,W-c560617cd3020379264fff17,W-c560617cd3020379264fff17,regime (evidence availability only),"world_id, asset_id, scenario_id, physical_value, iot_value, history_mean, active_work_order, technician_present, gold_action",YES,YES,YES,YES,YES,True,
A2-metro_pump_1-phys_out__iot_agree-4054,A2-metro_pump_1-phys_out__iot_agree-4054,metro_pump_1,A2::A2-metro_pump_1-phys_out__iot_agree-4054::PHYSICAL_ONLY,A2::A2-metro_pump_1-phys_out__iot_agree-4054::DIGITAL_ONLY,A2::A2-metro_pump_1-phys_out__iot_agree-4054::FULL,ESCALATE,W-b6c8f08be1d6f21954a7c396,W-b6c8f08be1d6f21954a7c396,regime (evidence availability only),"world_id, asset_id, scenario_id, physical_value, iot_value, history_mean, active_work_order, technician_present, gold_action",YES,YES,YES,YES,YES,True,
A2-metro_pump_1-phys_out__iot_disagree-4055,A2-metro_pump_1-phys_out__iot_disagree-4055,metro_pump_1,A2::A2-metro_pump_1-phys_out__iot_disagree-4055::PHYSICAL_ONLY,A2::A2-metro_pump_1-phys_out__iot_disagree-4055::DIGITAL_ONLY,A2::A2-metro_pump_1-phys_out__iot_disagree-4055::FULL,ESCALATE,W-22be4923137eb2b09df2088d,W-22be4923137eb2b09df2088d,regime (evidence availability only),"world_id, asset_id, scenario_id, physical_value, iot_value, history_mean, active_work_order, technician_present, gold_action",YES,YES,YES,YES,YES,True,
A2-metro_pump_1-phys_out__iot_disagree-4056,A2-metro_pump_1-phys_out__iot_disagree-4056,metro_pump_1,A2::A2-metro_pump_1-phys_out__iot_disagree-4056::PHYSICAL_ONLY,A2::A2-metro_pump_1-phys_out__iot_disagree-4056::DIGITAL_ONLY,A2::A2-metro_pump_1-phys_out__iot_disagree-4056::FULL,ESCALATE,W-3e3c87aad5159f6bdca611d3,W-3e3c87aad5159f6bdca611d3,regime (evidence availability only),"world_id, asset_id, scenario_id, physical_value, iot_value, history_mean, active_work_order, technician_present, gold_action",YES,YES,YES,YES,YES,True,
A2-metro_pump_1-phys_out__iot_disagree-4057,A2-metro_pump_1-phys_out__iot_disagree-4057,metro_pump_1,A2::A2-metro_pump_1-phys_out__iot_disagree-4057::PHYSICAL_ONLY,A2::A2-metro_pump_1-phys_out__iot_disagree-4057::DIGITAL_ONLY,A2::A2-metro_pump_1-phys_out__iot_disagree-4057::FULL,ESCALATE,W-4712eba382595b0b6f95a045,W-4712eba382595b0b6f95a045,regime (evidence availability only),"world_id, asset_id, scenario_id, physical_value, iot_value, history_mean, active_work_order, technician_present, gold_action",YES,YES,YES,YES,YES,True,
A2-metro_pump_1-phys_out__iot_disagree-4058,A2-metro_pump_1-phys_out__iot_disagree-4058,metro_pump_1,A2::A2-metro_pump_1-phys_out__iot_disagree-4058::PHYSICAL_ONLY,A2::A2-metro_pump_1-phys_out__iot_disagree-4058::DIGITAL_ONLY,A2::A2-metro_pump_1-phys_out__iot_disagree-4058::FULL,ESCALATE,W-6f42415af022402efed97924,W-6f42415af022402efed97924,regime (evidence availability only),"world_id, asset_id, scenario_id, physical_value, iot_value, history_mean, active_work_order, technician_present, gold_action",YES,YES,YES,YES,YES,True,
A2-metro_pump_1-phys_out__iot_disagree-4059,A2-metro_pump_1-phys_out__iot_disagree-4059,metro_pump_1,A2::A2-metro_pump_1-phys_out__iot_disagree-4059::PHYSICAL_ONLY,A2::A2-metro_pump_1-phys_out__iot_disagree-4059::DIGITAL_ONLY,A2::A2-metro_pump_1-phys_out__iot_disagree-4059::FULL,ESCALATE,W-cb49cc6afa6e48e8ec6d4934,W-cb49cc6afa6e48e8ec6d4934,regime (evidence availability only),"world_id, asset_id, scenario_id, physical_value, iot_value, history_mean, active_work_order, technician_present, gold_action",YES,YES,YES,YES,YES,True,
A2-motor_01-phys_in__iot_agree-4060,A2-motor_01-phys_in__iot_agree-4060,motor_01,A2::A2-motor_01-phys_in__iot_agree-4060::PHYSICAL_ONLY,A2::A2-motor_01-phys_in__iot_agree-4060::DIGITAL_ONLY,A2::A2-motor_01-phys_in__iot_agree-4060::FULL,ESCALATE,W-458788fa48cdd22acea86a8c,W-458788fa48cdd22acea86a8c,regime (evidence availability only),"world_id, asset_id, scenario_id, physical_value, iot_value, history_mean, active_work_order, technician_present, gold_action",YES,YES,YES,YES,YES,True,
A2-motor_01-phys_in__iot_agree-4061,A2-motor_01-phys_in__iot_agree-4061,motor_01,A2::A2-motor_01-phys_in__iot_agree-4061::PHYSICAL_ONLY,A2::A2-motor_01-phys_in__iot_agree-4061::DIGITAL_ONLY,A2::A2-motor_01-phys_in__iot_agree-4061::FULL,COMMIT,W-c28317f01f07d10c0100a022,W-c28317f01f07d10c0100a022,regime (evidence availability only),"world_id, asset_id, scenario_id, physical_value, iot_value, history_mean, active_work_order, technician_present, gold_action",YES,YES,YES,YES,YES,True,
A2-motor_01-phys_in__iot_agree-4062,A2-motor_01-phys_in__iot_agree-4062,motor_01,A2::A2-motor_01-phys_in__iot_agree-4062::PHYSICAL_ONLY,A2::A2-motor_01-phys_in__iot_agree-4062::DIGITAL_ONLY,A2::A2-motor_01-phys_in__iot_agree-4062::FULL,ESCALATE,W-5bfdfe274f1b99f060b08a47,W-5bfdfe274f1b99f060b08a47,regime (evidence availability only),"world_id, asset_id, scenario_id, physical_value, iot_value, history_mean, active_work_order, technician_present, gold_action",YES,YES,YES,YES,YES,True,
A2-motor_01-phys_in__iot_agree-4063,A2-motor_01-phys_in__iot_agree-4063,motor_01,A2::A2-motor_01-phys_in__iot_agree-4063::PHYSICAL_ONLY,A2::A2-motor_01-phys_in__iot_agree-4063::DIGITAL_ONLY,A2::A2-motor_01-phys_in__iot_agree-4063::FULL,COMMIT,W-57100670bb4ba9aeacd0dfe9,W-57100670bb4ba9aeacd0dfe9,regime (evidence availability only),"world_id, asset_id, scenario_id, physical_value, iot_value, history_mean, active_work_order, technician_present, gold_action",YES,YES,YES,YES,YES,True,
A2-motor_01-phys_in__iot_agree-4064,A2-motor_01-phys_in__iot_agree-4064,motor_01,A2::A2-motor_01-phys_in__iot_agree-4064::PHYSICAL_ONLY,A2::A2-motor_01-phys_in__iot_agree-4064::DIGITAL_ONLY,A2::A2-motor_01-phys_in__iot_agree-4064::FULL,COMMIT,W-76e0f87eac8ed8f15f8d1c60,W-76e0f87eac8ed8f15f8d1c60,regime (evidence availability only),"world_id, asset_id, scenario_id, physical_value, iot_value, history_mean, active_work_order, technician_present, gold_action",YES,YES,YES,YES,YES,True,
A2-motor_01-phys_in__iot_disagree-4065,A2-motor_01-phys_in__iot_disagree-4065,motor_01,A2::A2-motor_01-phys_in__iot_disagree-4065::PHYSICAL_ONLY,A2::A2-motor_01-phys_in__iot_disagree-4065::DIGITAL_ONLY,A2::A2-motor_01-phys_in__iot_disagree-4065::FULL,COMMIT,W-f9bf0ac08e4248f26cfe8f34,W-f9bf0ac08e4248f26cfe8f34,regime (evidence availability only),"world_id, asset_id, scenario_id, physical_value, iot_value, history_mean, active_work_order, technician_present, gold_action",YES,YES,YES,YES,YES,True,
A2-motor_01-phys_in__iot_disagree-4066,A2-motor_01-phys_in__iot_disagree-4066,motor_01,A2::A2-motor_01-phys_in__iot_disagree-4066::PHYSICAL_ONLY,A2::A2-motor_01-phys_in__iot_disagree-4066::DIGITAL_ONLY,A2::A2-motor_01-phys_in__iot_disagree-4066::FULL,COMMIT,W-332d4cf78d7427ac78f9f0f4,W-332d4cf78d7427ac78f9f0f4,regime (evidence availability only),"world_id, asset_id, scenario_id, physical_value, iot_value, history_mean, active_work_order, technician_present, gold_action",YES,YES,YES,YES,YES,True,
A2-motor_01-phys_in__iot_disagree-4067,A2-motor_01-phys_in__iot_disagree-4067,motor_01,A2::A2-motor_01-phys_in__iot_disagree-4067::PHYSICAL_ONLY,A2::A2-motor_01-phys_in__iot_disagree-4067::DIGITAL_ONLY,A2::A2-motor_01-phys_in__iot_disagree-4067::FULL,COMMIT,W-7647dc639b684cfecb0cf2d8,W-7647dc639b684cfecb0cf2d8,regime (evidence availability only),"world_id, asset_id, scenario_id, physical_value, iot_value, history_mean, active_work_order, technician_present, gold_action",YES,YES,YES,YES,YES,True,
A2-motor_01-phys_in__iot_disagree-4068,A2-motor_01-phys_in__iot_disagree-4068,motor_01,A2::A2-motor_01-phys_in__iot_disagree-4068::PHYSICAL_ONLY,A2::A2-motor_01-phys_in__iot_disagree-4068::DIGITAL_ONLY,A2::A2-motor_01-phys_in__iot_disagree-4068::FULL,COMMIT,W-bf01371d7eac3b24d19cf53e,W-bf01371d7eac3b24d19cf53e,regime (evidence availability only),"world_id, asset_id, scenario_id, physical_value, iot_value, history_mean, active_work_order, technician_present, gold_action",YES,YES,YES,YES,YES,True,
A2-motor_01-phys_in__iot_disagree-4069,A2-motor_01-phys_in__iot_disagree-4069,motor_01,A2::A2-motor_01-phys_in__iot_disagree-4069::PHYSICAL_ONLY,A2::A2-motor_01-phys_in__iot_disagree-4069::DIGITAL_ONLY,A2::A2-motor_01-phys_in__iot_disagree-4069::FULL,ESCALATE,W-0811b1118e4f4e02582a63c3,W-0811b1118e4f4e02582a63c3,regime (evidence availability only),"world_id, asset_id, scenario_id, physical_value, iot_value, history_mean, active_work_order, technician_present, gold_action",YES,YES,YES,YES,YES,True,
A2-motor_01-phys_out__iot_agree-4070,A2-motor_01-phys_out__iot_agree-4070,motor_01,A2::A2-motor_01-phys_out__iot_agree-4070::PHYSICAL_ONLY,A2::A2-motor_01-phys_out__iot_agree-4070::DIGITAL_ONLY,A2::A2-motor_01-phys_out__iot_agree-4070::FULL,ESCALATE,W-2e1e50b3e784e3a6ab1e09ce,W-2e1e50b3e784e3a6ab1e09ce,regime (evidence availability only),"world_id, asset_id, scenario_id, physical_value, iot_value, history_mean, active_work_order, technician_present, gold_action",YES,YES,YES,YES,YES,True,
A2-motor_01-phys_out__iot_agree-4071,A2-motor_01-phys_out__iot_agree-4071,motor_01,A2::A2-motor_01-phys_out__iot_agree-4071::PHYSICAL_ONLY,A2::A2-motor_01-phys_out__iot_agree-4071::DIGITAL_ONLY,A2::A2-motor_01-phys_out__iot_agree-4071::FULL,ESCALATE,W-a1a038764959676b0bfad237,W-a1a038764959676b0bfad237,regime (evidence availability only),"world_id, asset_id, scenario_id, physical_value, iot_value, history_mean, active_work_order, technician_present, gold_action",YES,YES,YES,YES,YES,True,
A2-motor_01-phys_out__iot_agree-4072,A2-motor_01-phys_out__iot_agree-4072,motor_01,A2::A2-motor_01-phys_out__iot_agree-4072::PHYSICAL_ONLY,A2::A2-motor_01-phys_out__iot_agree-4072::DIGITAL_ONLY,A2::A2-motor_01-phys_out__iot_agree-4072::FULL,ESCALATE,W-0143f53d8f483fcfb1394792,W-0143f53d8f483fcfb1394792,regime (evidence availability only),"world_id, asset_id, scenario_id, physical_value, iot_value, history_mean, active_work_order, technician_present, gold_action",YES,YES,YES,YES,YES,True,
A2-motor_01-phys_out__iot_agree-4073,A2-motor_01-phys_out__iot_agree-4073,motor_01,A2::A2-motor_01-phys_out__iot_agree-4073::PHYSICAL_ONLY,A2::A2-motor_01-phys_out__iot_agree-4073::DIGITAL_ONLY,A2::A2-motor_01-phys_out__iot_agree-4073::FULL,ESCALATE,W-240ed33e74f9fc528307486a,W-240ed33e74f9fc528307486a,regime (evidence availability only),"world_id, asset_id, scenario_id, physical_value, iot_value, history_mean, active_work_order, technician_present, gold_action",YES,YES,YES,YES,YES,True,
A2-motor_01-phys_out__iot_agree-4074,A2-motor_01-phys_out__iot_agree-4074,motor_01,A2::A2-motor_01-phys_out__iot_agree-4074::PHYSICAL_ONLY,A2::A2-motor_01-phys_out__iot_agree-4074::DIGITAL_ONLY,A2::A2-motor_01-phys_out__iot_agree-4074::FULL,ESCALATE,W-b318a38183e98088f1f19202,W-b318a38183e98088f1f19202,regime (evidence availability only),"world_id, asset_id, scenario_id, physical_value, iot_value, history_mean, active_work_order, technician_present, gold_action",YES,YES,YES,YES,YES,True,
A2-motor_01-phys_out__iot_disagree-4075,A2-motor_01-phys_out__iot_disagree-4075,motor_01,A2::A2-motor_01-phys_out__iot_disagree-4075::PHYSICAL_ONLY,A2::A2-motor_01-phys_out__iot_disagree-4075::DIGITAL_ONLY,A2::A2-motor_01-phys_out__iot_disagree-4075::FULL,ESCALATE,W-9c6ff91e352b2490efee5f55,W-9c6ff91e352b2490efee5f55,regime (evidence availability only),"world_id, asset_id, scenario_id, physical_value, iot_value, history_mean, active_work_order, technician_present, gold_action",YES,YES,YES,YES,YES,True,
A2-motor_01-phys_out__iot_disagree-4076,A2-motor_01-phys_out__iot_disagree-4076,motor_01,A2::A2-motor_01-phys_out__iot_disagree-4076::PHYSICAL_ONLY,A2::A2-motor_01-phys_out__iot_disagree-4076::DIGITAL_ONLY,A2::A2-motor_01-phys_out__iot_disagree-4076::FULL,ESCALATE,W-365b8312ad06224f4d88f1d4,W-365b8312ad06224f4d88f1d4,regime (evidence availability only),"world_id, asset_id, scenario_id, physical_value, iot_value, history_mean, active_work_order, technician_present, gold_action",YES,YES,YES,YES,YES,True,
A2-motor_01-phys_out__iot_disagree-4077,A2-motor_01-phys_out__iot_disagree-4077,motor_01,A2::A2-motor_01-phys_out__iot_disagree-4077::PHYSICAL_ONLY,A2::A2-motor_01-phys_out__iot_disagree-4077::DIGITAL_ONLY,A2::A2-motor_01-phys_out__iot_disagree-4077::FULL,ESCALATE,W-191816c39ae8ff1c4ea1861f,W-191816c39ae8ff1c4ea1861f,regime (evidence availability only),"world_id, asset_id, scenario_id, physical_value, iot_value, history_mean, active_work_order, technician_present, gold_action",YES,YES,YES,YES,YES,True,
A2-motor_01-phys_out__iot_disagree-4078,A2-motor_01-phys_out__iot_disagree-4078,motor_01,A2::A2-motor_01-phys_out__iot_disagree-4078::PHYSICAL_ONLY,A2::A2-motor_01-phys_out__iot_disagree-4078::DIGITAL_ONLY,A2::A2-motor_01-phys_out__iot_disagree-4078::FULL,ESCALATE,W-301b7b4b38fc85e12b9a5987,W-301b7b4b38fc85e12b9a5987,regime (evidence availability only),"world_id, asset_id, scenario_id, physical_value, iot_value, history_mean, active_work_order, technician_present, gold_action",YES,YES,YES,YES,YES,True,
A2-motor_01-phys_out__iot_disagree-4079,A2-motor_01-phys_out__iot_disagree-4079,motor_01,A2::A2-motor_01-phys_out__iot_disagree-4079::PHYSICAL_ONLY,A2::A2-motor_01-phys_out__iot_disagree-4079::DIGITAL_ONLY,A2::A2-motor_01-phys_out__iot_disagree-4079::FULL,ESCALATE,W-a55068939e4535bbe01f231c,W-a55068939e4535bbe01f231c,regime (evidence availability only),"world_id, asset_id, scenario_id, physical_value, iot_value, history_mean, active_work_order, technician_present, gold_action",YES,YES,YES,YES,YES,True,
