family,canonical_count,scenario_templates,worlds,asset_types,evidence_regimes,notes
A,2400,"NOT FOUND (cell-parameterized, no discrete named-template registry located; 'cell' values like phys_in__iot_agree serve an analogous role)","800 (matched_group_id count for family A alone, derived from a_e_pool_manifest.json episodes where family=='A')",4,"FULL, PHYSICAL_ONLY, DIGITAL_ONLY (matched_group_policy: 3 per world)","generation_seeds A: [50000,50799] (800 seeds, matches 800 matched groups x 3 regimes = 2400)"
E,1440,NOT FOUND (cell-parameterized),480 (matched_group_id count for family E),4,"3 temporal episodes per sequence, gold varies by design (not a fixed FULL/PHYSICAL/DIGITAL split)","generation_seeds E: [51000,51479] (480 seeds x 3 = 1440)"
B (legacy),12,NOT FOUND as separate template registry; pointer into frozen-93 historical pilot pool (reports/ec/phase8h1_pilot_manifest.json),subset of the 41 unique world_id values in the 93-episode frozen pool,NOT FOUND (frozen93 episodes carry no explicit asset field at top level),NOT independently enumerated this pass,"frozen, unmodified since before the v3 merge; only 3/12 are actually scored by the existing dispatch per reports/benchmark/paper_results_v1.json data_quality_notes"
B-Acquisition,66,4,15 matched_group_id groups,4,"thermal, acoustic, workorder_history, iot_timeseries (per matched_group_id names)","template_counts: B-ACQ-1=12 (MODALITY GAP), B-ACQ-2=36 (COUNT SUFFICIENCY), B-ACQ-3=12 (UNAVAILABLE HANDLING), B-ACQ-4=6 (CROSS-MODAL RECONCILIATION); sourced from 16 prototype + 50 scale-addition episodes"
C,112,7,NOT independently re-derived this pass (see cd_4000_final_manifest.json episodes for per-episode world_id),4,NOT independently enumerated this pass,"template_counts (C only, derived from cd_4000_final_manifest.json filtered to family=='C'): T-C-BATTERY_ABORT=36, T-C-LOCALIZATION_ABORT=24, T-C-ROUTE_BUDGET=24, T-C-PANEL_STUCK=8, T-C-WO_GATE=8, T-C-WAYPOINT_ESCALATE=8, T-C-PRECEDENCE=4 (sums to 112)"
D-enterprise,20,3,NOT independently re-derived this pass,4,NOT independently enumerated this pass,"template_counts (D only, from cd_4000_final_manifest.json filtered to family=='D'): T-D-WO_GATE=8, T-D-WO_SIMILARITY=8, T-D-ROUTE_DEPENDENCY=4 (sums to 20)"
D-physical,70,NOT FOUND as a separate named-template registry (d_subfamily/constraint_stratum fields used instead),NOT independently re-derived this pass,4,NOT independently enumerated this pass (feasible/infeasible + constraint_stratum axes; see d_physical_accounting.json),extracted from a pre-dedup 88-episode trace (d_physical_generation_trace_pre_dedup_88.json); 88-70=18 episodes removed by dedup
TOTAL (nominal family_counts sum),4120,,,,,"sum of family_counts.values(), NOT the reported total"
"TOTAL (final_canonical_total, correct)",4075,,,,,= 4120 - 45 (A/E cross-family duplicate-fingerprint dedup)
